gameid,roll1,old_hold1,new_hold1,roll2,old_hold2,new_hold2,roll3,old_hold3,new_hold3,roll4,old_hold4,new_hold4,roll5,old_hold5,new_hold5,score
13,5,False,True,1,False,False,3,False,False,5,False,True,2,False,False,
13,5,True,True,3,False,False,4,False,False,5,True,True,1,False,False,
13,5,True,True,4,False,False,6,False,False,5,True,True,6,False,False,26.0
13,2,False,False,4,False,True,4,False,True,2,False,False,1,False,False,
13,5,False,False,4,True,True,4,True,True,5,False,False,1,False,False,
13,2,False,False,4,True,True,4,True,True,1,False,False,6,False,False,1.0
13,1,False,False,1,False,False,3,False,False,4,False,True,4,False,True,
13,2,False,False,6,False,False,2,False,False,4,True,True,4,True,True,
13,4,False,False,5,False,False,1,False,False,4,True,True,4,True,True,12.0
13,3,False,True,3,False,True,1,False,False,2,False,False,6,False,False,
13,3,True,True,3,True,True,5,False,False,6,False,False,5,False,False,
13,3,True,True,3,True,True,5,False,False,5,False,False,5,False,False,25.0
13,6,False,False,5,False,True,1,False,False,4,False,False,5,False,True,
13,6,False,False,5,True,True,6,False,False,2,False,False,5,True,True,
13,2,False,False,5,True,True,4,False,False,1,False,False,5,True,True,2.0
13,6,False,True,5,False,False,3,False,False,6,False,True,1,False,False,
13,6,True,True,2,False,False,2,False,False,6,True,True,5,False,False,
13,6,True,True,3,False,False,6,False,False,6,True,True,2,False,False,23.0
13,4,False,False,5,False,True,1,False,False,6,False,False,2,False,False,
13,3,False,False,5,True,True,3,False,False,1,False,False,5,False,True,
13,6,False,False,5,True,True,5,False,False,3,False,False,5,True,True,15.0
13,5,False,False,5,False,True,3,False,True,4,False,True,3,False,False,
13,1,False,False,5,True,True,3,True,True,4,True,True,2,False,False,40.0
13,1,False,False,2,False,False,5,False,False,2,False,False,3,False,True,
13,1,False,False,1,False,False,6,False,False,2,False,False,3,True,True,
13,2,False,False,3,False,False,6,False,False,2,False,False,3,True,True,6.0
13,3,False,False,5,False,False,4,False,True,4,False,True,4,False,True,
13,1,False,False,6,False,False,4,True,True,4,True,True,4,True,True,
13,5,False,False,1,False,False,4,True,True,4,True,True,4,True,True,0.0
13,5,False,False,1,False,False,2,False,False,2,False,False,6,False,True,
13,1,False,False,3,False,False,1,False,False,1,False,False,6,True,True,
13,6,False,False,3,False,False,4,False,False,3,False,False,6,True,True,12.0
13,5,False,True,1,False,False,5,False,True,1,False,False,1,False,False,
13,5,True,True,6,False,False,5,True,True,5,False,True,4,False,False,
13,5,True,True,1,False,False,5,True,True,5,True,True,1,False,False,0.0
13,5,False,True,6,False,False,1,False,False,1,False,False,5,False,False,
13,5,True,True,6,False,True,3,False,True,5,False,False,5,False,False,
13,5,True,True,6,True,True,3,True,True,3,False,False,5,False,False,0.0
14,2,False,False,6,False,True,3,False,False,5,False,False,6,False,True,
14,6,False,True,6,True,True,4,False,False,3,False,False,6,True,True,
14,6,True,True,6,True,True,3,False,False,3,False,False,6,True,True,18.0
14,1,False,True,1,False,True,3,False,False,6,False,False,2,False,False,
14,1,True,True,1,True,True,2,False,False,3,False,False,4,False,False,
14,1,True,True,1,True,True,3,False,False,6,False,False,4,False,False,2.0
14,2,False,True,1,False,False,2,False,True,3,False,False,2,False,True,
14,2,True,True,6,False,False,2,True,True,5,False,False,2,True,True,
14,2,True,True,2,False,False,2,True,True,2,False,False,2,True,True,50.0
14,3,False,False,6,False,True,1,False,False,1,False,False,4,False,True,
14,6,False,True,6,True,True,4,False,False,6,False,True,4,True,False,
14,6,True,True,6,True,True,5,False,False,6,True,True,3,False,False,26.0
14,5,False,True,2,False,False,2,False,False,5,False,True,1,False,False,
14,5,True,True,2,False,False,3,False,False,5,True,True,1,False,False,
14,5,True,True,3,False,False,1,False,False,5,True,True,6,False,False,20.0
14,3,False,True,3,False,True,4,False,False,3,False,True,5,False,False,
14,3,True,True,3,True,True,5,False,False,3,True,True,5,False,False,25.0
14,6,False,False,2,False,True,6,False,False,2,False,True,6,False,False,
14,4,False,False,2,True,True,2,False,True,2,True,True,5,False,False,
14,2,False,False,2,True,True,2,True,True,2,True,True,4,False,False,8.0
14,5,False,True,1,False,False,6,False,False,1,False,False,4,False,False,
14,5,True,True,3,False,False,4,False,False,5,False,True,3,False,False,
14,5,True,True,3,False,False,4,False,False,5,True,True,4,False,False,0.0
14,2,False,False,5,False,True,6,False,False,1,False,False,4,False,False,
14,3,False,False,5,True,True,2,False,False,5,False,True,5,False,True,
14,1,False,False,5,True,True,5,False,False,5,True,True,5,True,True,20.0
14,1,False,False,5,False,False,1,False,False,5,False,False,3,False,True,
14,3,False,True,2,False,False,6,False,False,5,False,False,3,True,True,
14,3,True,True,1,False,False,1,False,False,4,False,False,3,True,True,6.0
14,1,False,False,1,False,False,5,False,False,1,False,False,3,False,True,
14,2,False,False,4,False,True,3,False,False,2,False,True,3,True,True,
14,5,False,False,4,True,True,5,False,False,2,True,True,3,True,True,30.0
14,5,False,True,2,False,True,3,False,True,6,False,True,1,False,False,
14,5,True,True,2,True,True,3,True,True,6,True,True,2,False,False,
14,5,True,True,2,True,True,3,True,True,6,True,True,1,False,False,0.0
14,2,False,False,2,False,False,1,False,False,4,False,True,4,False,True,
14,4,False,True,3,False,False,3,False,False,4,True,True,4,True,True,
14,4,True,True,4,False,False,2,False,False,4,True,True,4,True,True,16.0
15,4,False,True,3,False,False,4,False,True,3,False,False,2,False,False,
15,4,True,True,3,False,False,4,True,True,3,False,False,1,False,False,
15,4,True,True,4,False,False,4,True,True,2,False,False,1,False,False,12.0
15,6,False,True,1,False,False,3,False,False,2,False,False,5,False,False,
15,6,True,True,6,False,True,3,False,False,5,False,False,5,False,False,
15,6,True,True,6,True,True,6,False,False,1,False,False,1,False,False,25.0
15,4,False,False,3,False,False,6,False,True,3,False,False,6,False,True,
15,6,False,True,5,False,False,6,True,True,4,False,False,6,True,True,
15,6,True,True,5,False,False,6,True,True,4,False,False,6,True,True,18.0
15,4,False,False,6,False,False,3,False,True,1,False,False,4,False,False,
15,2,False,False,4,False,False,3,True,False,6,False,True,6,False,True,
15,4,False,False,3,False,False,3,False,False,6,True,True,6,True,True,22.0
15,4,False,False,3,False,True,3,False,True,4,False,False,1,False,False,
15,1,False,False,3,True,True,3,True,True,6,False,False,5,False,False,
15,4,False,False,3,True,True,3,True,True,4,False,False,6,False,False,6.0
15,4,False,True,4,False,True,4,False,True,5,False,False,5,False,False,
15,4,True,True,4,True,True,4,True,True,2,False,False,4,False,True,
15,4,True,True,4,True,True,4,True,True,6,False,False,4,True,True,22.0
15,5,False,False,5,False,False,1,False,True,4,False,False,4,False,False,
15,5,False,False,4,False,False,1,True,True,6,False,False,6,False,False,
15,4,False,False,2,False,False,1,True,True,1,False,False,1,False,False,3.0
15,1,False,False,6,False,True,1,False,False,6,False,True,2,False,False,
15,2,False,False,6,True,True,6,False,True,6,True,True,3,False,False,
15,3,False,False,6,True,True,6,True,True,6,True,True,6,False,False,27.0
15,6,False,False,4,False,True,6,False,True,6,False,False,4,False,False,
15,3,False,True,4,True,True,6,True,False,6,False,False,1,False,True,
15,3,True,True,4,True,True,1,False,False,1,False,False,1,True,True,0.0
15,4,False,True,6,False,False,6,False,True,5,False,True,6,False,False,
15,4,True,True,3,False,True,6,True,True,5,True,True,1,False,False,
15,4,True,True,3,True,True,6,True,True,5,True,True,6,False,False,30.0
15,6,False,True,4,False,True,3,False,True,6,False,False,6,False,False,
15,6,True,True,4,True,True,3,True,True,2,False,True,3,False,False,
15,6,True,True,4,True,True,3,True,True,2,True,True,1,False,False,0.0
15,4,False,False,1,False,False,6,False,False,2,False,True,4,False,False,
15,6,False,False,5,False,False,2,False,True,2,True,True,2,False,True,
15,2,False,False,2,False,False,2,True,True,2,True,True,2,True,True,10.0
15,1,False,False,3,False,False,2,False,False,5,False,True,4,False,False,
15,4,False,False,6,False,False,4,False,False,5,True,True,5,False,True,
15,3,False,False,1,False,False,2,False,False,5,True,True,5,True,True,10.0
16,4,False,True,3,False,False,4,False,True,1,False,False,1,False,False,
16,4,True,True,4,False,True,4,True,True,1,False,False,4,False,True,
16,4,True,True,4,True,True,4,True,True,1,False,False,4,True,True,16.0
16,3,False,False,5,False,True,5,False,True,4,False,False,5,False,True,
16,4,False,False,5,True,True,5,True,True,5,False,True,5,True,True,
16,6,False,False,5,True,True,5,True,True,5,True,True,5,True,True,26.0
16,2,False,True,4,False,False,3,False,False,2,False,True,6,False,False,
16,2,True,True,1,False,False,5,False,False,2,True,True,6,False,False,
16,2,True,True,3,False,False,2,False,False,2,True,True,4,False,False,6.0
16,3,False,True,2,False,False,4,False,False,3,False,True,4,False,False,
16,3,True,False,5,False,True,4,False,True,3,True,True,2,False,True,
16,1,False,False,5,True,True,4,True,True,3,True,True,2,True,True,40.0
16,5,False,True,1,False,False,4,False,False,4,False,False,2,False,False,
16,5,True,False,6,False,True,2,False,False,3,False,False,6,False,True,
16,3,False,False,6,True,True,3,False,False,1,False,False,6,True,True,1.0
16,3,False,True,1,False,False,3,False,True,1,False,False,4,False,False,
16,3,True,True,2,False,False,3,True,True,5,False,False,2,False,False,
16,3,True,True,4,False,False,3,True,True,1,False,False,1,False,False,6.0
16,1,False,False,1,False,False,4,False,False,1,False,False,6,False,True,
16,6,False,True,6,False,True,4,False,False,1,False,False,6,True,True,
16,6,True,True,6,True,True,4,False,False,2,False,False,6,True,True,18.0
16,5,False,True,6,False,False,6,False,False,6,False,False,5,False,True,
16,5,True,True,3,False,False,1,False,False,3,False,False,5,True,True,
16,5,True,True,2,False,False,5,False,False,5,False,False,5,True,True,20.0
16,6,False,False,6,False,False,1,False,False,1,False,False,1,False,False,25.0
16,5,False,True,6,False,False,3,False,False,5,False,True,5,False,True,
16,5,True,True,5,False,True,6,False,False,5,True,True,5,True,True,
16,5,True,True,5,True,True,2,False,False,5,True,True,5,True,True,22.0
16,5,False,True,6,False,True,4,False,True,6,False,False,6,False,False,
16,5,True,True,6,True,True,4,True,True,5,False,False,1,False,False,
16,5,True,True,6,True,True,4,True,True,3,False,False,1,False,False,30.0
16,1,False,False,5,False,True,5,False,True,5,False,True,6,False,False,
16,5,False,True,5,True,True,5,True,True,5,True,True,6,False,False,
16,5,True,True,5,True,True,5,True,True,5,True,True,2,False,False,22.0
16,2,False,True,2,False,True,5,False,False,4,False,False,6,False,False,
16,2,True,True,2,True,True,5,False,False,5,False,False,2,False,True,
16,2,True,True,2,True,True,2,False,False,6,False,False,2,True,True,0.0
17,5,False,True,5,False,True,4,False,False,4,False,False,2,False,False,
17,5,True,True,5,True,True,5,False,True,2,False,False,4,False,False,
17,5,True,True,5,True,True,5,True,True,2,False,False,2,False,False,25.0
17,4,False,True,5,False,True,2,False,False,2,False,True,3,False,True,
17,4,True,True,5,True,True,2,False,False,2,True,True,3,True,True,
17,4,True,True,5,True,True,2,False,False,2,True,True,3,True,True,30.0
17,1,False,False,5,False,True,2,False,False,5,False,True,5,False,True,
17,6,False,False,5,True,True,1,False,False,5,True,True,5,True,True,
17,6,False,False,5,True,True,1,False,False,5,True,True,5,True,True,15.0
17,6,False,True,6,False,True,1,False,False,5,False,False,3,False,False,
17,6,True,True,6,True,True,4,False,False,4,False,False,1,False,False,
17,6,True,True,6,True,True,5,False,False,4,False,False,6,False,False,18.0
17,6,False,False,2,False,False,6,False,False,3,False,True,3,False,True,
17,2,False,False,5,False,False,2,False,False,3,True,True,3,True,True,
17,2,False,False,5,False,False,5,False,False,3,True,True,3,True,True,18.0
17,4,False,True,6,False,False,5,False,False,4,False,True,4,False,True,
17,4,True,True,6,False,False,5,False,False,4,True,True,4,True,True,
17,4,True,True,4,False,False,6,False,False,4,True,True,4,True,True,16.0
17,5,False,True,2,False,False,3,False,False,1,False,False,5,False,True,
17,5,True,True,3,False,False,3,False,False,4,False,False,5,True,True,
17,5,True,True,4,False,False,1,False,False,2,False,False,5,True,True,1.0
17,4,False,False,1,False,False,2,False,True,6,False,False,2,False,True,
17,4,False,False,4,False,False,2,True,True,3,False,False,2,True,True,
17,3,False,False,4,False,False,2,True,True,3,False,False,2,True,True,4.0
17,2,False,True,6,False,False,4,False,True,6,False,False,3,False,True,
17,2,True,True,5,False,True,4,True,True,3,False,False,3,True,True,
17,2,True,True,5,True,True,4,True,True,6,False,False,3,True,True,40.0
17,2,False,True,2,False,True,2,False,True,4,False,False,2,False,True,
17,2,True,True,2,True,True,2,True,True,3,False,False,2,True,True,
17,2,True,True,2,True,True,2,True,True,4,False,False,2,True,True,12.0
17,6,False,True,6,False,True,6,False,True,4,False,False,1,False,False,
17,6,True,True,6,True,True,6,True,True,2,False,False,2,False,False,
17,6,True,True,6,True,True,6,True,True,2,False,False,3,False,False,23.0
17,2,False,False,3,False,True,3,False,True,1,False,False,6,False,False,
17,4,False,False,3,True,True,3,True,True,1,False,False,5,False,False,
17,2,False,False,3,True,True,3,True,True,2,False,False,5,False,False,0.0
17,4,False,False,1,False,False,6,False,False,1,False,False,5,False,False,
17,1,False,False,4,False,False,2,False,False,6,False,False,1,False,False,
17,2,False,False,2,False,False,3,False,False,6,False,False,1,False,False,3.0
18,5,False,True,6,False,False,4,False,False,5,False,True,1,False,False,
18,5,True,True,6,False,False,4,False,False,5,True,True,4,False,False,
18,5,True,True,5,False,False,6,False,False,5,True,True,5,False,False,20.0
18,4,False,False,1,False,True,6,False,False,5,False,False,1,False,True,
18,2,False,False,1,True,True,4,False,False,1,False,True,1,True,True,
18,6,False,False,1,True,True,2,False,False,1,True,True,1,True,True,3.0
18,6,False,True,5,False,False,2,False,False,6,False,True,6,False,True,
18,6,True,True,5,False,False,2,False,False,6,True,True,6,True,True,
18,6,True,True,1,False,False,6,False,False,6,True,True,6,True,True,24.0
18,2,False,True,3,False,False,2,False,True,6,False,False,6,False,False,
18,2,True,True,2,False,True,2,True,True,2,False,True,5,False,False,
18,2,True,True,2,True,True,2,True,True,2,True,True,4,False,False,8.0
18,5,False,False,4,False,False,6,False,True,6,False,True,2,False,False,
18,1,False,False,1,False,False,6,True,True,6,True,True,6,False,True,
18,5,False,False,1,False,False,6,True,True,6,True,True,6,True,True,24.0
18,3,False,True,5,False,True,3,False,False,4,False,True,6,False,True,
18,3,True,True,5,True,True,5,False,False,4,True,True,6,True,True,
18,3,True,True,5,True,True,5,False,False,4,True,True,6,True,True,30.0
18,6,False,False,4,False,True,5,False,False,4,False,True,6,False,False,
18,2,False,False,4,True,True,3,False,False,4,True,True,3,False,False,
18,4,False,False,4,True,True,6,False,False,4,True,True,6,False,False,25.0
18,3,False,False,6,False,False,6,False,False,1,False,False,4,False,True,
18,6,False,False,1,False,False,2,False,False,4,False,True,4,True,True,
18,1,False,False,2,False,False,1,False,False,4,True,True,4,True,True,8.0
18,6,False,False,3,False,True,5,False,True,6,False,True,4,False,True,
18,2,False,False,3,True,True,5,True,True,6,True,True,4,True,True,40.0
18,1,False,False,3,False,True,1,False,False,4,False,False,6,False,False,
18,4,False,False,3,True,True,6,False,False,6,False,False,4,False,False,
18,4,False,False,3,True,True,2,False,False,1,False,False,2,False,False,12.0
18,6,False,False,1,False,False,2,False,False,6,False,False,5,False,False,
18,5,False,True,4,False,False,5,False,True,5,False,True,2,False,False,
18,5,True,True,3,False,False,5,True,True,5,True,True,4,False,False,0.0
18,1,False,False,2,False,False,5,False,False,6,False,False,2,False,False,
18,2,False,False,4,False,False,1,False,False,6,False,False,5,False,False,
18,5,False,False,2,False,False,1,False,False,5,False,False,6,False,False,0.0
18,5,False,False,5,False,False,4,False,False,1,False,False,6,False,False,
18,5,False,False,5,False,False,3,False,True,1,False,False,4,False,False,
18,3,False,False,3,False,False,3,True,True,1,False,False,1,False,False,9.0
19,6,False,True,6,False,True,4,False,False,3,False,False,6,False,True,
19,6,True,True,6,True,True,2,False,False,1,False,False,6,True,True,
19,6,True,True,6,True,True,3,False,False,6,False,False,6,True,True,24.0
19,6,False,True,2,False,False,6,False,True,2,False,False,4,False,False,
19,6,True,True,1,False,False,6,True,True,4,False,False,5,False,False,
19,6,True,True,4,False,False,6,True,True,2,False,False,6,False,False,24.0
19,4,False,False,5,False,True,6,False,False,6,False,False,2,False,False,
19,2,False,False,5,True,False,3,False,True,3,False,True,3,False,True,
19,1,False,False,6,False,False,3,True,True,3,True,True,3,True,True,9.0
19,3,False,False,3,False,False,1,False,False,5,False,False,4,False,True,
19,5,False,False,2,False,True,5,False,True,3,False,True,4,True,True,
19,5,False,False,2,True,True,5,True,True,3,True,True,4,True,True,30.0
19,4,False,False,5,False,True,3,False,False,5,False,True,3,False,False,
19,5,False,True,5,True,True,6,False,False,5,True,True,4,False,False,
19,5,True,True,5,True,True,5,False,False,5,True,True,1,False,False,20.0
19,3,False,False,1,False,False,4,False,True,3,False,False,5,False,False,
19,6,False,False,4,False,True,4,True,True,4,False,True,2,False,False,
19,5,False,False,4,True,True,4,True,True,4,True,True,5,False,False,25.0
19,5,False,True,5,False,True,5,False,True,1,False,False,2,False,False,
19,5,True,True,5,True,True,5,True,True,4,False,False,5,False,True,
19,5,True,True,5,True,True,5,True,True,5,False,False,5,True,True,50.0
19,5,False,False,6,False,False,6,False,False,5,False,False,1,False,True,
19,5,False,False,4,False,False,6,False,False,3,False,False,1,True,True,
19,5,False,False,3,False,False,3,False,False,4,False,False,1,True,True,1.0
19,6,False,False,2,False,True,1,False,False,1,False,False,2,False,True,
19,2,False,True,2,True,True,4,False,False,1,False,False,2,True,True,6.0
19,3,False,True,2,False,False,3,False,True,2,False,False,1,False,False,
19,3,True,False,4,False,True,3,True,True,5,False,True,6,False,True,
19,3,False,False,4,True,True,3,True,True,5,True,True,6,True,True,21.0
19,4,False,True,6,False,False,5,False,False,6,False,False,2,False,False,
19,4,True,True,4,False,True,5,False,False,2,False,False,5,False,False,
19,4,True,True,4,True,True,5,False,False,5,False,False,1,False,False,8.0
19,1,False,True,2,False,False,1,False,True,1,False,True,1,False,True,
19,1,True,True,3,False,False,1,True,True,1,True,True,1,True,True,
19,1,True,True,6,False,False,1,True,True,1,True,True,1,True,True,10.0
19,1,False,False,6,False,False,6,False,True,3,False,True,1,False,False,
19,6,False,False,3,False,False,6,True,True,3,True,True,1,False,False,
19,3,False,False,1,False,False,6,True,True,3,True,True,1,False,False,0.0
20,3,False,True,1,False,False,3,False,True,6,False,False,1,False,False,
20,3,True,True,3,False,True,3,True,True,5,False,False,1,False,False,
20,3,True,True,3,True,True,3,True,True,4,False,False,1,False,False,9.0
20,5,False,True,1,False,False,5,False,True,4,False,False,3,False,False,
20,5,True,True,2,False,False,5,True,True,6,False,False,6,False,False,
20,5,True,True,4,False,False,5,True,True,3,False,False,3,False,False,20.0
20,6,False,False,2,False,True,4,False,False,2,False,True,3,False,False,
20,3,False,False,2,True,True,1,False,False,2,True,True,2,False,True,
20,4,False,False,2,True,True,6,False,False,2,True,True,2,True,True,6.0
20,6,False,True,1,False,False,4,False,True,3,False,True,5,False,True,
20,6,True,True,1,False,False,4,True,True,3,True,True,5,True,True,
20,6,True,True,3,False,False,4,True,True,3,True,True,5,True,True,30.0
20,1,False,False,4,False,True,4,False,True,6,False,False,5,False,False,
20,6,False,False,4,True,True,4,True,True,2,False,False,1,False,False,
20,6,False,False,4,True,True,4,True,True,5,False,False,4,False,False,12.0
20,2,False,False,5,False,True,6,False,False,5,False,True,3,False,False,
20,1,False,False,5,True,True,6,False,False,5,True,True,4,False,False,
20,2,False,False,5,True,True,6,False,False,5,True,True,3,False,False,0.0
20,3,False,True,3,False,True,1,False,False,3,False,True,3,False,True,
20,3,True,True,3,True,True,5,False,False,3,True,True,3,True,True,
20,3,True,True,3,True,True,3,False,False,3,True,True,3,True,True,50.0
20,1,False,True,1,False,True,3,False,False,4,False,False,1,False,True,
20,1,True,True,1,True,True,2,False,False,2,False,False,1,True,True,25.0
20,4,False,True,4,False,True,3,False,False,6,False,False,3,False,False,
20,4,True,True,4,True,True,1,False,False,3,False,False,5,False,False,
20,4,True,True,4,True,True,4,False,False,2,False,False,5,False,False,19.0
20,5,False,False,2,False,False,6,False,True,6,False,True,3,False,False,
20,2,False,False,1,False,False,6,True,True,6,True,True,5,False,False,
20,5,False,False,4,False,False,6,True,True,6,True,True,3,False,False,0.0
20,4,False,False,4,False,False,5,False,True,4,False,False,6,False,False,
20,3,False,False,2,False,False,5,True,True,1,False,False,3,False,False,
20,5,False,False,6,False,False,5,True,True,5,False,False,1,False,False,15.0
20,6,False,True,5,False,True,4,False,True,4,False,False,3,False,True,
20,6,True,True,5,True,True,4,True,True,6,False,False,3,True,True,
20,6,True,True,5,True,True,4,True,True,2,False,False,3,True,True,40.0
20,3,False,False,1,False,False,6,False,True,4,False,False,3,False,False,
20,1,False,False,1,False,False,6,True,True,6,False,True,1,False,False,
20,6,False,False,4,False,False,6,True,True,6,True,True,1,False,False,18.0
21,1,False,False,6,False,True,3,False,False,6,False,True,6,False,True,
21,2,False,False,6,True,True,2,False,False,6,True,True,6,True,True,
21,1,False,False,6,True,True,5,False,False,6,True,True,6,True,True,24.0
21,5,False,False,4,False,False,6,False,True,4,False,False,6,False,True,
21,1,False,False,2,False,False,6,True,True,1,False,False,6,True,True,
21,5,False,False,2,False,False,6,True,True,1,False,False,6,True,True,1.0
21,1,False,False,2,False,False,4,False,False,6,False,True,5,False,False,
21,4,False,True,3,False,False,4,False,True,6,True,False,2,False,False,
21,4,True,True,1,False,False,4,True,True,3,False,False,4,False,False,12.0
21,6,False,False,3,False,True,1,False,False,3,False,True,2,False,False,
21,2,False,False,3,True,True,5,False,False,3,True,True,3,False,True,
21,5,False,False,3,True,True,6,False,False,3,True,True,3,True,True,9.0
21,5,False,False,2,False,False,1,False,False,3,False,False,4,False,False,40.0
21,5,False,False,4,False,False,2,False,False,3,False,False,6,False,False,30.0
21,3,False,False,2,False,False,6,False,True,5,False,False,1,False,False,
21,3,True,False,2,True,False,6,True,True,5,True,False,1,True,False,
21,3,False,True,3,False,True,6,True,False,1,False,False,3,False,True,
21,3,True,True,3,True,True,2,False,False,6,False,False,3,True,True,17.0
21,2,False,True,2,False,True,2,False,True,3,False,False,4,False,False,
21,2,True,True,2,True,True,2,True,True,2,False,False,2,False,False,50.0
21,5,False,True,1,False,False,2,False,False,1,False,False,5,False,True,
21,5,True,True,4,False,False,2,False,False,6,False,False,5,True,True,
21,5,True,True,1,False,False,5,False,False,6,False,False,5,True,True,15.0
21,6,False,True,3,False,False,4,False,False,2,False,False,5,False,False,
21,6,True,True,1,False,False,4,False,False,6,False,True,1,False,False,
21,6,True,True,4,False,False,2,False,False,6,True,True,3,False,False,0.0
21,3,False,False,2,False,False,3,False,False,2,False,False,3,False,True,25.0
21,3,False,False,1,False,False,6,False,True,1,False,False,5,False,False,
21,4,False,False,6,False,True,6,True,True,2,False,False,5,False,False,
21,3,False,False,6,True,True,6,True,True,6,False,False,5,False,False,18.0
21,6,False,False,1,False,False,2,False,True,3,False,False,1,False,False,
21,6,False,False,2,False,True,2,True,True,3,False,False,3,False,False,
21,2,False,False,2,True,True,2,True,True,2,False,False,1,False,False,8.0
22,6,False,False,3,False,False,1,False,True,1,False,True,4,False,False,
22,6,False,False,4,False,False,1,True,True,1,True,True,6,False,False,
22,2,False,False,1,False,False,1,True,True,1,True,True,4,False,False,3.0
22,1,False,False,4,False,True,4,False,True,6,False,False,5,False,False,
22,1,False,False,4,True,True,4,True,True,1,False,False,6,False,False,
22,3,False,False,4,True,True,4,True,True,5,False,False,6,False,False,30.0
22,4,False,True,6,False,True,5,False,True,3,False,True,3,False,False,
22,4,True,True,6,True,True,5,True,True,3,True,True,5,False,False,
22,4,True,True,6,True,True,5,True,True,3,True,True,3,False,False,21.0
22,4,False,False,6,False,True,2,False,False,6,False,True,1,False,False,
22,5,False,False,6,True,True,3,False,False,6,True,True,2,False,False,
22,2,False,False,6,True,True,4,False,False,6,True,True,1,False,False,2.0
22,6,False,False,5,False,False,3,False,True,3,False,True,6,False,False,
22,5,False,False,4,False,False,3,True,True,3,True,True,4,False,False,
22,5,False,False,1,False,False,3,True,True,3,True,True,5,False,False,6.0
22,4,False,False,2,False,False,5,False,True,5,False,True,3,False,False,
22,5,False,True,2,False,False,5,True,True,5,True,True,5,False,True,
22,5,True,True,1,False,False,5,True,True,5,True,True,5,True,True,20.0
22,1,False,True,4,False,False,1,False,True,3,False,False,1,False,True,
22,1,True,True,2,False,False,1,True,True,2,False,False,1,True,True,25.0
22,4,False,True,4,False,True,4,False,True,2,False,False,2,False,False,
22,4,True,True,4,True,True,4,True,True,3,False,False,1,False,False,
22,4,True,True,4,True,True,4,True,True,2,False,False,1,False,False,15.0
22,4,False,True,3,False,True,3,False,False,5,False,True,2,False,True,
22,4,True,True,3,True,True,6,False,False,5,True,True,2,True,True,40.0
22,5,False,False,1,False,False,5,False,False,6,False,True,2,False,False,
22,5,False,False,3,False,False,4,False,False,6,True,True,2,False,False,
22,4,False,False,5,False,False,3,False,False,6,True,True,2,False,False,0.0
22,4,False,True,4,False,True,6,False,False,4,False,True,3,False,False,
22,4,True,True,4,True,True,4,False,True,4,True,True,6,False,False,
22,4,True,True,4,True,True,4,True,True,4,True,True,6,False,False,16.0
22,3,False,False,1,False,False,6,False,True,3,False,False,4,False,False,
22,1,False,False,2,False,False,6,True,True,5,False,False,6,False,True,
22,4,False,False,5,False,False,6,True,True,3,False,False,6,True,True,0.0
22,3,False,False,2,False,False,5,False,False,4,False,False,3,False,False,
22,4,False,False,4,False,False,4,False,False,3,False,False,6,False,True,
22,4,False,False,6,False,False,2,False,False,2,False,False,6,True,True,12.0
23,1,False,False,6,False,True,3,False,False,6,False,True,5,False,False,
23,1,False,False,6,True,True,1,False,False,6,True,True,2,False,False,
23,1,False,False,6,True,True,1,False,False,6,True,True,5,False,False,2.0
23,2,False,True,1,False,False,2,False,True,5,False,False,6,False,False,
23,2,True,True,6,False,False,2,True,True,2,False,True,6,False,False,
23,2,True,True,4,False,False,2,True,True,2,True,True,4,False,False,25.0
23,5,False,True,3,False,False,6,False,False,2,False,False,5,False,True,
23,5,True,True,4,False,False,1,False,False,4,False,False,5,True,True,
23,5,True,True,3,False,False,6,False,False,1,False,False,5,True,True,20.0
23,4,False,False,2,False,False,5,False,True,1,False,False,5,False,True,
23,6,False,False,2,False,False,5,True,True,5,False,True,5,True,True,
23,2,False,False,6,False,False,5,True,True,5,True,True,5,True,True,15.0
23,6,False,True,5,False,False,2,False,False,6,False,True,6,False,True,
23,6,True,True,3,False,False,4,False,False,6,True,True,6,True,True,
23,6,True,True,1,False,False,2,False,False,6,True,True,6,True,True,18.0
23,1,False,False,5,False,False,3,False,True,1,False,False,3,False,True,
23,5,False,False,2,False,False,3,True,True,1,False,False,3,True,True,
23,5,False,False,3,False,True,3,True,True,6,False,False,3,True,True,9.0
23,1,False,False,2,False,False,3,False,True,3,False,True,1,False,False,
23,5,False,True,4,False,True,3,True,True,3,True,False,2,False,True,
23,5,True,True,4,True,True,3,True,True,1,False,False,2,True,True,40.0
23,2,False,False,3,False,False,1,False,False,3,False,False,6,False,True,
23,5,False,False,5,False,False,6,False,True,1,False,False,6,True,True,
23,2,False,False,1,False,False,6,True,True,5,False,False,6,True,True,0.0
23,5,False,True,5,False,True,1,False,False,5,False,True,5,False,True,
23,5,True,True,5,True,True,2,False,False,5,True,True,5,True,True,
23,5,True,True,5,True,True,4,False,False,5,True,True,5,True,True,24.0
23,1,False,False,5,False,False,2,False,True,6,False,False,6,False,False,
23,3,False,False,3,False,True,2,True,True,1,False,True,5,False,False,
23,5,False,False,3,True,True,2,True,True,1,True,True,4,False,False,30.0
23,2,False,True,3,False,False,5,False,False,4,False,False,2,False,True,
23,2,True,True,2,False,True,2,False,True,6,False,False,2,True,True,
23,2,True,True,2,True,True,2,True,True,3,False,False,2,True,True,8.0
23,4,False,True,3,False,False,4,False,True,4,False,True,4,False,True,
23,4,True,True,6,False,False,4,True,True,4,True,True,4,True,True,
23,4,True,True,3,False,False,4,True,True,4,True,True,4,True,True,16.0
23,6,False,False,1,False,True,1,False,True,3,False,False,4,False,False,
23,5,False,False,1,True,True,1,True,True,1,False,True,2,False,False,
23,6,False,False,1,True,True,1,True,True,1,True,True,3,False,False,0.0
24,1,False,False,4,False,True,4,False,True,2,False,False,2,False,False,
24,6,False,False,4,True,True,4,True,True,1,False,False,3,False,False,
24,3,False,False,4,True,True,4,True,True,3,False,False,4,False,False,25.0
24,2,False,False,1,False,False,4,False,False,6,False,True,5,False,False,
24,3,False,True,5,False,True,4,False,True,6,True,True,1,False,False,
24,3,True,True,5,True,True,4,True,True,6,True,True,4,False,False,30.0
24,4,False,True,1,False,False,4,False,True,4,False,True,3,False,False,
24,4,True,True,1,False,False,4,True,True,4,True,True,5,False,False,
24,4,True,True,2,False,False,4,True,True,4,True,True,4,False,False,16.0
24,5,False,False,3,False,True,3,False,True,3,False,True,5,False,False,
24,2,False,False,3,True,True,3,True,True,3,True,True,4,False,False,
24,1,False,False,3,True,True,3,True,True,3,True,True,4,False,False,9.0
24,5,False,False,4,False,False,6,False,True,1,False,False,3,False,False,
24,1,False,True,5,False,False,6,True,False,1,False,True,3,False,False,
24,1,True,True,6,False,False,2,False,False,1,True,True,2,False,False,2.0
24,5,False,False,4,False,False,6,False,True,3,False,False,6,False,True,
24,4,False,False,6,False,True,6,True,True,4,False,False,6,True,True,
24,3,False,False,6,True,True,6,True,True,4,False,False,6,True,True,18.0
24,2,False,False,1,False,False,6,False,True,1,False,False,6,False,True,
24,5,False,False,2,False,True,6,True,False,2,False,True,6,True,False,
24,6,False,False,2,True,True,6,False,False,2,True,True,4,False,False,4.0
24,6,False,False,4,False,True,4,False,True,4,False,True,1,False,False,
24,2,False,False,4,True,True,4,True,True,4,True,True,3,False,False,
24,2,False,False,4,True,True,4,True,True,4,True,True,3,False,False,17.0
24,1,False,False,2,False,False,3,False,False,3,False,False,2,False,False,
24,2,False,True,2,False,True,2,False,True,4,False,False,6,False,False,
24,2,True,True,2,True,True,2,True,True,2,False,False,5,False,False,13.0
24,4,False,False,5,False,True,2,False,False,1,False,False,2,False,False,
24,1,False,False,5,True,True,1,False,False,4,False,False,6,False,False,
24,1,False,False,5,True,True,2,False,False,6,False,False,1,False,False,15.0
24,5,False,True,3,False,True,2,False,True,4,False,True,4,False,False,
24,5,True,True,3,True,True,2,True,True,4,True,True,2,False,False,
24,5,True,True,3,True,True,2,True,True,4,True,True,5,False,False,0.0
24,1,False,False,6,False,True,3,False,True,2,False,True,2,False,False,
24,3,False,False,6,True,True,3,True,True,2,True,True,6,False,False,
24,6,False,False,6,True,True,3,True,True,2,True,True,4,False,False,0.0
24,4,False,False,6,False,False,5,False,True,5,False,True,1,False,False,
24,3,False,False,3,False,False,5,True,True,5,True,True,2,False,False,
24,5,False,False,5,False,False,5,True,True,5,True,True,1,False,False,20.0
25,1,False,False,5,False,True,5,False,True,3,False,False,4,False,False,
25,3,False,False,5,True,True,5,True,True,2,False,False,5,False,True,
25,5,False,False,5,True,True,5,True,True,3,False,False,5,True,True,20.0
25,4,False,True,5,False,False,6,False,False,2,False,False,4,False,True,
25,4,True,True,6,False,False,1,False,False,4,False,True,4,True,True,
25,4,True,True,5,False,False,4,False,False,4,True,True,4,True,True,16.0
25,3,False,True,3,False,True,4,False,False,1,False,False,1,False,False,
25,3,True,True,3,True,True,5,False,False,1,False,False,2,False,False,
25,3,True,True,3,True,True,2,False,False,2,False,False,3,False,False,25.0
25,5,False,True,4,False,True,3,False,True,6,False,True,1,False,False,
25,5,True,True,4,True,True,3,True,True,6,True,True,1,False,False,
25,5,True,True,4,True,True,3,True,True,6,True,True,2,False,False,40.0
25,3,False,False,4,False,False,2,False,False,5,False,False,5,False,False,30.0
25,4,False,False,3,False,True,2,False,False,5,False,False,4,False,False,
25,6,False,True,3,True,False,1,False,False,6,False,True,5,False,False,
25,6,True,True,2,False,False,6,False,False,6,True,True,6,False,False,26.0
25,5,False,False,1,False,False,3,False,True,4,False,False,5,False,False,
25,2,False,False,5,False,False,3,True,True,1,False,False,4,False,False,
25,5,False,False,4,False,False,3,True,True,5,False,False,3,False,False,6.0
25,5,False,False,2,False,True,3,False,False,2,False,True,4,False,False,
25,6,False,False,2,True,True,3,False,False,2,True,True,6,False,False,
25,5,False,False,2,True,True,3,False,False,2,True,True,4,False,False,4.0
25,1,False,False,2,False,False,4,False,False,6,False,True,6,False,True,
25,1,False,False,1,False,False,4,False,False,6,True,True,6,True,True,
25,6,False,False,1,False,False,2,False,False,6,True,True,6,True,True,18.0
25,2,False,False,1,False,False,4,False,True,4,False,True,1,False,False,
25,1,False,False,5,False,False,4,True,True,4,True,True,6,False,False,
25,3,False,False,4,False,False,4,True,True,4,True,True,1,False,False,16.0
25,6,False,False,4,False,True,4,False,True,2,False,False,3,False,False,
25,4,False,True,4,True,True,4,True,True,1,False,False,6,False,False,
25,4,True,True,4,True,True,4,True,True,5,False,False,6,False,False,23.0
25,1,False,False,6,False,True,6,False,True,6,False,True,5,False,False,
25,5,False,False,6,True,True,6,True,True,6,True,True,6,False,True,
25,4,False,False,6,True,True,6,True,True,6,True,True,6,True,True,0.0
25,5,False,False,4,False,False,6,False,True,3,False,False,1,False,False,
25,1,False,True,1,False,True,6,True,False,1,False,True,2,False,False,
25,1,True,True,1,True,True,5,False,False,1,True,True,6,False,False,0.0
26,3,False,False,6,False,False,5,False,True,5,False,True,2,False,False,
26,3,False,False,5,False,True,5,True,True,5,True,True,4,False,False,
26,6,False,False,5,True,True,5,True,True,5,True,True,6,False,False,25.0
26,2,False,True,4,False,False,2,False,True,2,False,True,5,False,False,
26,2,True,True,1,False,False,2,True,True,2,True,True,2,False,True,
26,2,True,True,6,False,False,2,True,True,2,True,True,2,True,True,8.0
26,4,False,False,6,False,False,2,False,False,5,False,False,3,False,False,40.0
26,5,False,False,1,False,False,1,False,False,6,False,True,6,False,True,
26,6,False,True,5,False,False,1,False,False,6,True,True,6,True,True,
26,6,True,True,5,False,False,5,False,False,6,True,True,6,True,True,18.0
26,2,False,False,4,False,True,1,False,False,4,False,True,4,False,True,
26,5,False,False,4,True,True,2,False,False,4,True,True,4,True,True,
26,4,False,False,4,True,True,2,False,False,4,True,True,4,True,True,16.0
26,1,False,False,6,False,False,3,False,True,3,False,True,3,False,True,
26,4,False,False,5,False,False,3,True,True,3,True,True,3,True,True,
26,1,False,False,6,False,False,3,True,True,3,True,True,3,True,True,9.0
26,4,False,False,1,False,True,6,False,False,6,False,False,1,False,True,
26,6,False,False,1,True,True,2,False,False,1,False,True,1,True,True,
26,5,False,False,1,True,True,3,False,False,1,True,True,1,True,True,3.0
26,2,False,False,6,False,False,1,False,False,5,False,True,3,False,False,
26,1,False,False,2,False,False,3,False,False,5,True,True,6,False,False,
26,6,False,False,6,False,False,6,False,False,5,True,True,6,False,False,29.0
26,1,False,True,1,False,True,1,False,True,1,False,True,3,False,False,
26,1,True,True,1,True,True,1,True,True,1,True,True,1,False,False,50.0
26,6,False,False,5,False,True,6,False,False,2,False,False,2,False,False,
26,3,False,False,5,True,True,4,False,False,2,False,False,6,False,False,30.0
26,6,False,True,1,False,False,2,False,False,2,False,False,1,False,False,
26,6,True,True,2,False,False,4,False,False,1,False,False,5,False,False,
26,6,True,True,4,False,False,4,False,False,1,False,False,2,False,False,17.0
26,2,False,True,2,False,True,3,False,False,2,False,True,3,False,False,
26,2,True,True,2,True,True,5,False,False,2,True,True,3,False,False,
26,2,True,True,2,True,True,6,False,False,2,True,True,5,False,False,17.0
26,6,False,False,3,False,False,1,False,False,5,False,True,2,False,False,
26,6,False,False,6,False,False,2,False,False,5,True,True,5,False,True,
26,4,False,False,6,False,False,6,False,False,5,True,True,5,True,True,10.0
27,4,False,True,1,False,False,4,False,True,2,False,False,6,False,False,
27,4,True,True,3,False,False,4,True,True,2,False,False,4,False,True,
27,4,True,True,4,False,False,4,True,True,3,False,False,4,True,True,16.0
27,5,False,True,5,False,True,1,False,False,1,False,False,6,False,False,
27,5,True,True,5,True,True,2,False,False,4,False,False,2,False,False,
27,5,True,True,5,True,True,3,False,False,4,False,False,4,False,False,21.0
27,3,False,True,1,False,False,3,False,True,2,False,False,6,False,False,
27,3,True,True,3,False,True,3,True,True,6,False,False,6,False,False,
27,3,True,True,3,True,True,3,True,True,3,False,False,4,False,False,12.0
27,5,False,False,2,False,False,3,False,False,3,False,False,6,False,True,
27,6,False,True,4,False,False,1,False,False,1,False,False,6,True,True,
27,6,True,True,3,False,False,2,False,False,5,False,False,6,True,True,0.0
27,2,False,False,4,False,False,5,False,True,4,False,False,5,False,True,
27,3,False,False,2,False,False,5,True,True,3,False,False,5,True,True,
27,6,False,False,6,False,False,5,True,True,3,False,False,5,True,True,10.0
27,1,False,False,5,False,False,3,False,False,3,False,False,6,False,True,
27,4,False,False,2,False,False,4,False,False,6,False,True,6,True,True,
27,6,False,False,3,False,False,4,False,False,6,True,True,6,True,True,25.0
27,3,False,False,6,False,False,1,False,True,3,False,False,1,False,True,
27,3,False,False,2,False,False,1,True,True,3,False,False,1,True,True,
27,6,False,False,1,False,False,1,True,True,2,False,False,1,True,True,3.0
27,6,False,True,1,False,False,4,False,False,6,False,True,2,False,False,
27,6,True,True,1,False,False,4,False,False,6,True,True,3,False,False,
27,6,True,True,2,False,False,1,False,False,6,True,True,4,False,False,12.0
27,1,False,False,6,False,False,2,False,True,5,False,False,1,False,False,
27,2,False,True,6,False,False,2,True,True,3,False,False,5,False,False,
27,2,True,True,1,False,False,2,True,True,6,False,False,3,False,False,4.0
27,3,False,False,5,False,True,6,False,False,5,False,True,1,False,False,
27,2,False,False,5,True,True,5,False,True,5,True,True,4,False,False,
27,6,False,False,5,True,True,5,True,True,5,True,True,1,False,False,0.0
27,3,False,True,3,False,True,3,False,True,5,False,False,6,False,False,
27,3,True,True,3,True,True,3,True,True,5,False,False,2,False,False,
27,3,True,True,3,True,True,3,True,True,5,False,False,6,False,False,0.0
27,1,False,False,3,False,True,3,False,True,5,False,True,5,False,True,
27,6,False,False,3,True,True,3,True,True,5,True,True,5,True,True,
27,2,False,False,3,True,True,3,True,True,5,True,True,5,True,True,0.0
27,1,False,False,5,False,False,6,False,True,3,False,False,6,False,True,
27,6,False,True,2,False,False,6,True,True,5,False,False,6,True,True,
27,6,True,True,1,False,False,6,True,True,4,False,False,6,True,True,0.0
28,6,False,False,4,False,True,1,False,True,2,False,True,3,False,True,
28,6,False,False,4,True,True,1,True,True,2,True,True,3,True,True,
28,3,False,False,4,True,True,1,True,True,2,True,True,3,True,True,30.0
28,1,False,False,4,False,False,5,False,False,6,False,True,6,False,True,
28,4,False,False,3,False,False,1,False,False,6,True,True,6,True,True,
28,6,False,False,4,False,False,5,False,False,6,True,True,6,True,True,18.0
28,6,False,False,5,False,False,3,False,True,1,False,False,3,False,True,
28,5,False,False,2,False,False,3,True,True,5,False,False,3,True,True,
28,1,False,False,3,False,False,3,True,True,6,False,False,3,True,True,9.0
28,2,False,False,4,False,False,5,False,True,5,False,True,4,False,False,
28,4,False,False,4,False,False,5,True,True,5,True,True,5,False,True,
28,1,False,False,3,False,False,5,True,True,5,True,True,5,True,True,15.0
28,2,False,True,6,False,False,2,False,True,6,False,False,5,False,False,
28,2,True,True,5,False,False,2,True,True,5,False,False,4,False,False,
28,2,True,True,6,False,False,2,True,True,5,False,False,3,False,False,18.0
28,5,False,False,2,False,True,2,False,True,5,False,False,3,False,False,
28,4,False,False,2,True,True,2,True,True,3,False,False,6,False,False,
28,2,False,False,2,True,True,2,True,True,2,False,False,3,False,False,8.0
28,4,False,True,6,False,False,4,False,True,6,False,False,5,False,False,
28,4,True,True,2,False,False,4,True,True,2,False,False,4,False,True,
28,4,True,True,4,False,False,4,True,True,1,False,False,4,True,True,16.0
28,3,False,True,4,False,True,1,False,True,2,False,True,6,False,False,
28,3,True,True,4,True,True,1,True,True,2,True,True,6,False,False,
28,3,True,True,4,True,True,1,True,True,2,True,True,4,False,False,1.0
28,5,False,False,5,False,False,5,False,False,3,False,False,3,False,False,25.0
28,2,False,False,3,False,False,1,False,False,6,False,True,4,False,False,
28,2,False,True,4,False,False,3,False,False,6,True,False,2,False,True,
28,2,True,True,5,False,False,6,False,False,4,False,False,2,True,True,0.0
28,5,False,False,1,False,False,2,False,True,2,False,True,2,False,True,
28,3,False,False,5,False,False,2,True,True,2,True,True,2,True,True,
28,3,False,False,3,False,False,2,True,True,2,True,True,2,True,True,12.0
28,1,False,False,2,False,True,5,False,True,6,False,True,3,False,True,
28,1,False,False,2,True,True,5,True,True,6,True,True,3,True,True,
28,6,False,False,2,True,True,5,True,True,6,True,True,3,True,True,0.0
28,4,False,True,3,False,True,6,False,True,1,False,False,1,False,False,
28,4,True,True,3,True,True,6,True,True,1,False,False,1,False,False,
28,4,True,True,3,True,True,6,True,True,3,False,False,2,False,False,0.0
29,5,False,False,6,False,True,2,False,False,1,False,False,3,False,False,
29,5,False,False,6,True,False,1,False,True,1,False,True,2,False,False,
29,4,False,False,5,False,False,1,True,True,1,True,True,1,False,False,3.0
29,4,False,False,5,False,False,1,False,False,6,False,True,1,False,False,
29,4,False,True,1,False,False,4,False,True,6,True,False,2,False,False,
29,4,True,True,3,False,False,4,True,True,1,False,False,3,False,False,6.0
29,4,False,False,2,False,True,2,False,True,3,False,False,3,False,False,
29,4,False,False,2,True,True,2,True,True,2,False,True,6,False,False,
29,6,False,False,2,True,True,2,True,True,2,True,True,6,False,False,25.0
29,6,False,False,4,False,True,2,False,True,1,False,True,3,False,True,
29,6,False,False,4,True,True,2,True,True,1,True,True,3,True,True,
29,6,False,False,4,True,True,2,True,True,1,True,True,3,True,True,30.0
29,5,False,False,1,False,False,6,False,True,5,False,False,6,False,True,
29,6,False,True,5,False,False,6,True,True,6,False,True,6,True,True,
29,6,True,True,4,False,False,6,True,True,6,True,True,6,True,True,24.0
29,5,False,True,3,False,False,5,False,True,6,False,False,5,False,True,
29,5,True,True,6,False,False,5,True,True,3,False,False,5,True,True,
29,5,True,True,4,False,False,5,True,True,5,False,False,5,True,True,24.0
29,1,False,False,4,False,False,5,False,True,1,False,False,3,False,False,
29,5,False,True,6,False,False,5,True,True,3,False,False,5,False,True,
29,5,True,True,1,False,False,5,True,True,5,False,False,5,True,True,20.0
29,2,False,False,4,False,True,4,False,True,2,False,False,6,False,False,
29,4,False,True,4,True,True,4,True,True,3,False,False,2,False,False,
29,4,True,True,4,True,True,4,True,True,4,False,False,2,False,False,16.0
29,3,False,False,4,False,False,6,False,True,2,False,False,3,False,False,
29,6,False,True,6,False,True,6,True,True,2,False,False,2,False,False,
29,6,True,True,6,True,True,6,True,True,2,False,False,3,False,False,23.0
29,4,False,False,1,False,False,6,False,True,4,False,True,5,False,True,
29,5,False,False,5,False,False,6,True,True,4,True,True,5,True,True,
29,5,False,False,3,False,False,6,True,True,4,True,True,5,True,True,23.0
29,1,False,False,4,False,False,4,False,True,6,False,True,5,False,True,
29,3,False,True,1,False,False,4,True,True,6,True,True,5,True,True,
29,3,True,True,2,False,False,4,True,True,6,True,True,5,True,True,40.0
29,5,False,False,2,False,True,6,False,False,2,False,True,1,False,False,
29,3,False,False,2,True,True,5,False,False,2,True,True,1,False,False,
29,6,False,False,2,True,True,3,False,False,2,True,True,6,False,False,4.0
29,6,False,False,5,False,True,2,False,False,3,False,False,5,False,True,
29,5,False,True,5,True,True,2,False,False,5,False,True,5,True,True,
29,5,True,True,5,True,True,4,False,False,5,True,True,5,True,True,0.0
30,3,False,False,4,False,True,3,False,False,2,False,False,4,False,True,
30,4,False,True,4,True,True,2,False,False,6,False,False,4,True,True,
30,4,True,True,4,True,True,6,False,False,4,False,False,4,True,True,16.0
30,5,False,True,5,False,True,5,False,True,2,False,False,6,False,False,
30,5,True,True,5,True,True,5,True,True,4,False,False,5,False,True,
30,5,True,True,5,True,True,5,True,True,6,False,False,5,True,True,26.0
30,6,False,True,6,False,True,6,False,True,2,False,False,1,False,False,
30,6,True,True,6,True,True,6,True,True,2,False,False,6,False,True,
30,6,True,True,6,True,True,6,True,True,3,False,False,6,True,True,24.0
30,1,False,True,1,False,True,1,False,True,4,False,False,6,False,False,
30,1,True,True,1,True,True,1,True,True,1,False,True,4,False,False,
30,1,True,True,1,True,True,1,True,True,1,True,True,6,False,False,4.0
30,6,False,False,6,False,False,1,False,False,5,False,True,3,False,False,
30,3,False,True,2,False,False,2,False,False,5,True,False,3,False,True,
30,3,True,True,4,False,False,6,False,False,6,False,False,3,True,True,6.0
30,3,False,False,2,False,True,4,False,True,1,False,True,3,False,True,
30,6,False,False,2,True,True,4,True,True,1,True,True,3,True,True,
30,5,False,False,2,True,True,4,True,True,1,True,True,3,True,True,40.0
30,5,False,True,2,False,False,1,False,False,6,False,False,3,False,False,
30,5,True,True,1,False,False,3,False,False,3,False,False,1,False,False,
30,5,True,True,2,False,False,2,False,False,4,False,False,4,False,False,4.0
30,2,False,False,4,False,False,3,False,False,1,False,False,5,False,False,30.0
30,5,False,True,3,False,False,6,False,False,5,False,True,4,False,False,
30,5,True,True,2,False,False,6,False,False,5,True,True,3,False,False,
30,5,True,True,3,False,False,3,False,False,5,True,True,1,False,False,17.0
30,5,False,True,3,False,False,1,False,False,2,False,False,2,False,False,
30,5,True,True,6,False,False,5,False,True,1,False,False,3,False,False,
30,5,True,True,3,False,False,5,True,True,6,False,False,6,False,False,10.0
30,5,False,True,4,False,True,5,False,True,4,False,True,3,False,False,
30,5,True,True,4,True,True,5,True,True,4,True,True,3,False,False,
30,5,True,True,4,True,True,5,True,True,4,True,True,4,False,False,25.0
30,2,False,False,4,False,False,6,False,True,2,False,False,5,False,False,
30,4,False,False,2,False,False,6,True,True,2,False,False,6,False,True,
30,2,False,False,2,False,False,6,True,True,3,False,False,6,True,True,0.0
30,5,False,True,3,False,False,2,False,False,2,False,False,5,False,True,
30,5,True,True,1,False,False,5,False,True,2,False,False,5,True,True,
30,5,True,True,6,False,False,5,True,True,6,False,False,5,True,True,27.0
31,3,False,True,1,False,False,5,False,False,3,False,True,4,False,False,
31,3,True,True,1,False,False,1,False,False,3,True,True,2,False,False,
31,3,True,True,2,False,False,3,False,False,3,True,True,3,False,False,12.0
31,3,False,False,6,False,True,4,False,False,3,False,False,1,False,False,
31,1,False,False,6,True,True,6,False,True,6,False,True,4,False,False,
31,5,False,False,6,True,True,6,True,True,6,True,True,1,False,False,18.0
31,6,False,False,2,False,True,3,False,False,6,False,False,1,False,False,
31,4,False,True,2,True,True,3,False,True,5,False,True,5,False,False,
31,4,True,True,2,True,True,3,True,True,5,True,True,1,False,False,40.0
31,3,False,False,4,False,True,4,False,True,6,False,False,2,False,False,
31,3,False,False,4,True,True,4,True,True,4,False,True,4,False,True,
31,3,False,False,4,True,True,4,True,True,4,True,True,4,True,True,16.0
31,4,False,True,4,False,True,2,False,False,3,False,False,4,False,True,
31,4,True,True,4,True,True,2,False,False,6,False,False,4,True,True,
31,4,True,True,4,True,True,3,False,False,6,False,False,4,True,True,21.0
31,2,False,False,5,False,False,4,False,False,2,False,False,3,False,False,30.0
31,3,False,False,4,False,False,1,False,False,4,False,False,2,False,True,
31,4,False,False,3,False,False,1,False,True,3,False,False,2,True,False,
31,1,False,False,4,False,False,1,True,True,3,False,False,5,False,False,2.0
31,1,False,False,6,False,True,4,False,False,6,False,True,3,False,False,
31,5,False,False,6,True,True,5,False,False,6,True,True,6,False,False,25.0
31,3,False,False,2,False,False,4,False,False,2,False,False,5,False,True,
31,4,False,False,5,False,True,6,False,False,4,False,False,5,True,True,
31,2,False,False,5,True,True,1,False,False,1,False,False,5,True,True,10.0
31,1,False,False,3,False,True,6,False,False,3,False,True,4,False,False,
31,5,False,False,3,True,False,6,False,True,3,True,False,2,False,False,
31,3,False,False,2,False,False,6,True,True,4,False,False,3,False,False,18.0
31,6,False,True,3,False,False,1,False,False,2,False,False,6,False,True,
31,6,True,True,1,False,False,6,False,True,6,False,True,6,True,True,
31,6,True,True,6,False,False,6,True,True,6,True,True,6,True,True,50.0
31,2,False,False,6,False,True,1,False,False,2,False,False,1,False,False,
31,5,False,True,6,True,False,3,False,False,3,False,False,6,False,False,
31,5,True,True,6,False,False,5,False,False,4,False,False,3,False,False,0.0
31,5,False,False,2,False,True,1,False,False,2,False,True,4,False,False,
31,6,False,False,2,True,True,6,False,False,2,True,True,2,False,True,
31,4,False,False,2,True,True,4,False,False,2,True,True,2,True,True,6.0
32,2,False,False,3,False,False,5,False,True,5,False,True,2,False,False,
32,3,False,False,6,False,False,5,True,True,5,True,True,5,False,True,
32,1,False,False,3,False,False,5,True,True,5,True,True,5,True,True,15.0
32,6,False,True,3,False,False,6,False,True,4,False,False,1,False,False,
32,6,True,True,3,False,False,6,True,True,4,False,False,2,False,False,
32,6,True,True,6,False,False,6,True,True,2,False,False,6,False,False,24.0
32,3,False,True,6,False,True,4,False,True,1,False,False,5,False,True,
32,3,True,True,6,True,True,4,True,True,2,False,False,5,True,True,40.0
32,6,False,True,6,False,True,2,False,False,5,False,False,4,False,False,
32,6,True,False,6,True,False,3,False,True,2,False,False,3,False,True,
32,1,False,False,2,False,False,3,True,True,5,False,False,3,True,True,6.0
32,2,False,True,2,False,True,1,False,False,2,False,True,4,False,False,
32,2,True,True,2,True,True,3,False,False,2,True,True,6,False,False,
32,2,True,True,2,True,True,5,False,False,2,True,True,2,False,False,8.0
32,2,False,True,1,False,False,2,False,True,2,False,True,4,False,False,
32,2,True,True,6,False,False,2,True,True,2,True,True,2,False,True,
32,2,True,True,2,False,False,2,True,True,2,True,True,2,True,True,50.0
32,1,False,True,3,False,False,6,False,False,5,False,False,5,False,False,
32,1,True,True,1,False,True,4,False,False,3,False,False,4,False,False,
32,1,True,True,1,True,True,3,False,False,5,False,False,4,False,False,2.0
32,2,False,False,5,False,False,2,False,False,5,False,False,5,False,False,25.0
32,4,False,False,5,False,True,5,False,True,5,False,True,6,False,False,
32,3,False,False,5,True,True,5,True,True,5,True,True,3,False,False,
32,6,False,False,5,True,True,5,True,True,5,True,True,3,False,False,24.0
32,2,False,False,3,False,False,4,False,True,5,False,False,5,False,False,
32,3,False,False,6,False,False,4,True,True,3,False,False,3,False,False,
32,6,False,False,4,False,False,4,True,True,5,False,False,3,False,False,8.0
32,5,False,True,2,False,False,5,False,True,4,False,False,2,False,False,
32,5,True,True,4,False,False,5,True,True,5,False,True,5,False,True,
32,5,True,True,3,False,False,5,True,True,5,True,True,5,True,True,23.0
32,6,False,False,6,False,False,3,False,True,2,False,True,3,False,False,
32,3,False,False,4,False,False,3,True,True,2,True,True,1,False,False,30.0
32,2,False,False,6,False,True,2,False,False,3,False,False,6,False,True,
32,1,False,False,6,True,True,1,False,False,3,False,False,6,True,True,
32,3,False,False,6,True,True,2,False,False,3,False,False,6,True,True,20.0
33,4,False,True,4,False,True,2,False,False,5,False,False,2,False,False,
33,4,True,True,4,True,True,4,False,True,1,False,False,2,False,False,
33,4,True,True,4,True,True,4,True,True,4,False,True,5,False,False,16
33,4,False,False,1,False,False,3,False,True,3,False,True,4,False,False,
33,2,False,False,6,False,False,3,True,True,3,True,True,2,False,False,
33,5,False,False,5,False,False,3,True,True,3,True,True,5,False,False,25
33,5,False,True,5,False,True,4,False,False,2,False,False,5,False,True,
33,5,True,True,5,True,True,1,False,False,2,False,False,5,True,True,
33,5,True,True,5,True,True,2,False,False,5,False,False,5,True,True,20
33,1,False,True,2,False,False,4,False,False,1,False,True,5,False,False,
33,1,True,True,2,False,False,3,False,False,1,True,True,2,False,False,
33,1,True,True,1,False,False,6,False,False,1,True,True,3,False,False,3
33,3,False,False,3,False,True,1,False,True,4,False,True,2,False,True,
33,5,False,False,3,True,True,1,True,True,4,True,True,2,True,True,40
33,1,False,False,2,False,False,3,False,False,5,False,False,4,False,False,30
33,3,False,True,2,False,False,1,False,False,4,False,False,6,False,False,
33,3,True,True,1,False,False,3,False,True,3,False,True,5,False,False,
33,3,True,True,1,False,False,3,True,True,3,True,True,1,False,False,9
33,4,False,False,6,False,True,1,False,False,5,False,False,6,False,True,
33,4,False,False,6,True,True,1,False,False,5,False,False,6,True,True,
33,1,False,False,6,True,True,4,False,False,4,False,False,6,True,True,12
33,4,False,False,6,False,True,5,False,False,4,False,False,6,False,True,
33,1,False,False,6,True,True,6,False,True,1,False,False,6,True,True,
33,3,False,False,6,True,True,6,True,True,2,False,False,6,True,True,23
33,1,False,False,5,False,True,1,False,False,3,False,False,4,False,False,
33,1,False,False,5,True,True,1,False,False,5,False,True,4,False,False,
33,6,False,False,5,True,True,1,False,False,5,True,True,1,False,False,18
33,1,False,False,4,False,False,2,False,True,6,False,False,4,False,False,
33,3,False,True,3,False,True,2,True,False,3,False,True,3,False,True,
33,3,True,True,3,True,True,3,False,False,3,True,True,3,True,True,50
33,2,False,True,5,False,False,2,False,True,4,False,False,1,False,False,
33,2,True,True,2,False,True,2,True,True,6,False,False,3,False,False,
33,2,True,True,2,True,True,2,True,True,3,False,False,2,False,False,8
33,4,False,True,6,False,False,1,False,False,1,False,False,4,False,True,
33,4,True,True,6,False,False,6,False,False,2,False,False,4,True,True,
33,4,True,True,1,False,False,5,False,False,5,False,False,4,True,True,0
